assembly_ID,ARO3000025,ARO3000024,ARO3001301,ARO3002961,ARO3000822,ARO3000186,ARO3000375,ARO3004455,ARO3002956,ARO3003311,ARO3003042,ARO3000616,ARO3003041,ARO3002647,ARO3000614,ARO3003043,ARO3000192,ARO3002972,ARO3002897
GCA_001087085.2,1,1,1,1,1,0,0,0,0,0,0,0,0,0,0,0,0,0,0
GCA_001087445.1,1,1,1,1,1,1,1,1,0,0,0,0,0,0,0,0,0,0,0
GCA_001119465.2,1,1,1,1,1,0,0,0,0,0,0,0,0,0,0,0,0,0,0
GCA_001120545.2,1,1,1,0,0,0,0,0,1,0,0,0,0,0,0,0,0,0,0
GCA_001124445.1,1,1,1,1,1,1,1,1,0,1,0,0,0,0,0,0,0,0,0
GCA_001127145.2,1,1,1,0,1,1,1,0,1,0,1,0,0,0,0,0,0,0,0
GCA_001129845.2,1,1,1,0,1,0,0,0,1,0,0,0,0,0,0,0,0,0,0
GCA_001142545.2,1,1,1,0,1,1,0,0,1,0,0,0,0,0,0,0,0,0,0
GCA_001149705.2,1,1,1,1,1,0,0,0,0,0,0,0,0,0,0,0,0,0,0
GCA_001168465.2,1,1,1,1,1,0,0,0,0,0,0,1,0,0,0,0,0,0,0
GCA_001172305.2,1,1,1,0,1,1,1,0,1,0,0,0,0,0,0,0,0,0,0
GCA_001329175.1,1,1,1,0,1,1,0,0,1,0,0,0,1,0,0,0,0,0,0
GCA_035462815.1,1,1,1,0,1,2,0,2,1,0,0,0,0,0,0,0,0,0,0
GCA_035463195.1,1,1,1,0,1,2,2,2,1,0,0,0,0,2,0,0,0,0,0
GCA_035464395.1,1,1,1,0,1,2,0,1,1,0,0,0,0,0,0,0,0,0,0
GCA_035856635.1,1,1,1,1,1,2,2,0,0,0,0,0,0,0,0,0,0,0,0
GCA_035856695.1,1,1,1,1,1,2,2,0,0,0,0,0,0,0,0,0,0,0,0
GCA_035857465.1,1,1,1,1,0,0,0,0,0,0,0,0,0,0,0,0,0,0,0
GCA_035861205.1,1,1,1,1,1,0,0,0,0,0,0,0,0,0,0,0,0,0,0
GCA_035861785.1,1,1,1,0,1,0,0,0,1,0,0,0,0,0,0,0,0,0,0
GCA_035861945.1,1,1,1,1,1,0,0,0,0,0,0,0,0,0,0,0,0,0,0
GCA_035862525.1,1,1,1,1,1,0,0,0,0,0,0,0,0,0,0,0,0,0,0
GCA_035863585.1,1,1,1,0,1,2,2,0,1,0,0,0,0,0,0,0,0,0,0
GCA_035863865.1,1,1,1,0,1,0,0,0,1,0,0,0,0,0,0,0,0,0,0
GCA_035863885.1,1,1,1,1,1,0,0,0,0,0,0,0,0,0,0,0,0,0,0
GCA_035864305.1,1,1,1,1,1,0,0,0,0,0,0,0,0,0,0,0,0,0,0
GCA_035864845.1,1,1,1,1,1,0,0,0,0,0,0,0,0,0,0,0,0,0,0
GCA_035864965.1,1,1,1,1,1,0,0,0,0,0,0,0,0,0,1,0,0,0,0
GCA_035866785.1,1,1,1,1,1,0,0,0,0,0,0,0,0,0,0,0,0,0,0
GCA_035867105.1,1,1,1,1,1,0,0,0,0,0,0,0,0,0,0,0,0,0,0
GCA_035867405.1,1,1,1,1,1,0,0,0,0,0,0,0,0,0,0,0,0,0,0
GCA_035868375.1,1,1,1,1,1,2,2,0,0,0,0,0,0,0,0,0,0,0,0
GCA_035868795.1,1,1,1,0,1,0,0,0,1,0,0,0,0,0,0,0,0,0,0
GCA_035869255.1,1,1,1,1,0,0,0,0,0,0,0,0,0,0,0,0,0,0,0
GCA_035869335.1,1,1,1,1,0,0,0,0,0,0,0,0,0,0,0,0,0,0,0
GCA_035870335.1,1,1,1,1,1,0,0,0,0,0,0,0,0,0,0,0,0,0,0
GCA_035870815.1,1,1,1,1,1,0,0,0,0,0,0,0,0,0,0,0,0,0,0
GCA_035870875.1,1,1,1,1,1,0,0,0,0,0,0,0,0,0,0,1,0,0,0
GCA_035873095.1,1,1,1,1,1,0,0,0,0,0,0,0,0,0,0,0,0,0,0
GCA_035873635.1,1,1,1,0,1,0,0,0,1,0,0,0,0,0,0,0,0,0,0
GCA_035874235.1,1,1,1,1,1,2,2,0,0,0,0,0,0,0,0,0,0,0,0
GCA_035877275.1,1,1,1,1,1,0,0,0,0,0,0,0,0,0,0,0,0,0,0
GCA_035877415.1,1,1,1,0,1,0,0,0,1,0,0,0,0,0,0,0,0,0,0
GCA_035877835.1,1,1,1,1,1,0,0,0,0,0,0,0,0,0,0,0,0,0,0
GCA_035877995.1,1,1,1,0,1,0,0,0,1,0,0,0,0,0,0,0,0,0,0
GCA_035878095.1,1,1,1,0,1,2,2,0,1,0,0,0,1,0,0,0,0,0,0
GCA_035879395.1,1,1,1,1,1,0,0,0,0,0,0,0,0,0,0,0,0,0,0
GCA_035880435.1,1,1,1,1,1,0,0,0,0,0,0,0,1,0,0,1,0,0,0
GCA_035880515.1,1,1,1,1,1,2,2,0,0,0,0,0,0,0,0,0,0,0,0
GCA_035881235.1,1,1,1,1,1,0,0,0,0,0,0,0,0,0,0,0,0,0,0
GCA_035881615.1,1,1,1,0,1,0,0,0,1,0,0,0,0,0,0,0,0,0,0
GCA_035918755.1,1,1,1,0,1,0,0,0,1,0,0,0,0,0,0,0,0,0,0
GCA_035919505.1,1,1,1,0,1,0,0,0,1,0,1,0,0,0,0,1,0,0,0
GCA_035929085.1,1,1,1,1,1,2,2,0,0,0,0,0,0,0,0,0,0,0,0
GCA_035930165.1,1,1,1,0,1,0,0,0,1,0,0,0,0,0,0,0,0,0,0
GCA_035930405.1,1,1,1,1,1,0,0,0,0,0,1,0,1,0,0,0,0,0,0
GCA_035930525.1,1,1,1,1,1,0,0,0,0,0,0,0,0,0,0,0,0,0,0
GCA_035931085.1,1,1,1,1,1,0,0,0,0,0,0,0,0,0,0,0,0,0,0
GCA_035933335.1,1,1,1,0,1,2,0,0,1,0,0,0,0,0,0,0,0,0,0
GCA_035934095.1,1,1,1,1,1,0,0,0,0,0,0,0,0,0,0,0,0,0,0
GCA_035934585.1,1,1,1,1,0,0,0,0,0,0,0,0,0,0,0,0,0,0,0
GCA_035936895.1,1,1,1,1,1,0,0,0,0,0,0,0,0,0,0,0,0,0,0
GCA_036046855.1,1,1,1,0,1,0,0,0,1,0,0,0,0,0,0,0,0,0,0
GCA_036046955.1,1,1,1,0,1,0,0,0,1,0,0,0,0,0,0,0,0,0,0
GCA_036047375.1,1,1,1,0,1,0,0,0,1,0,0,0,0,0,0,0,0,0,0
GCA_036047595.1,1,1,1,0,1,0,0,0,1,0,0,0,0,0,0,0,0,0,0
GCA_036196625.1,1,1,1,1,0,0,0,0,0,0,0,0,0,0,0,0,0,0,0
GCA_900037005.2,1,1,1,0,1,1,1,0,1,0,0,0,0,0,0,0,0,0,0
GCA_900038125.2,1,0,1,0,1,1,1,0,1,0,0,0,0,0,0,0,0,0,0
GCA_900051135.2,1,1,1,0,1,1,1,0,1,0,0,0,0,0,0,0,0,0,0
GCA_900052415.2,1,1,1,1,1,0,0,0,0,0,0,0,0,0,0,0,0,0,0
GCA_900052455.2,1,1,1,0,1,1,1,0,1,0,0,0,0,0,0,0,0,0,0
GCA_900055665.2,1,1,1,1,1,1,1,0,0,0,0,0,0,0,0,0,0,0,0
GCA_900057395.2,1,1,1,1,1,1,1,0,0,0,0,0,0,0,0,1,0,0,0
GCA_900059295.2,1,1,1,1,1,0,0,0,0,0,0,0,0,0,0,0,0,0,0
GCA_900059335.2,1,1,1,0,1,1,1,0,1,0,0,0,0,0,0,0,0,0,0
GCA_900060855.2,1,1,1,1,1,0,0,0,0,0,0,0,0,0,0,0,0,0,0
GCA_900061195.2,1,1,1,0,1,1,1,0,1,0,0,0,0,0,0,0,0,0,0
GCA_900065625.2,1,1,1,0,1,1,1,0,1,0,0,0,0,0,0,0,0,0,0
GCA_901212775.1,1,1,1,0,1,0,0,0,1,0,0,0,0,0,0,0,0,0,0
GCA_901213595.1,1,1,1,1,1,0,0,0,0,0,0,0,0,0,0,0,0,0,0
GCA_901213765.1,1,1,1,1,1,0,0,0,0,0,0,0,0,0,0,0,0,0,0
GCA_901213825.1,1,1,1,1,1,0,0,0,0,0,0,0,0,0,0,0,0,0,0
GCA_901214215.1,1,1,1,0,1,0,0,0,1,0,0,0,0,0,0,0,0,0,0
GCA_901214475.1,1,1,1,0,1,1,0,1,1,0,0,0,0,0,0,0,0,0,0
GCA_901214595.1,1,0,1,0,1,0,0,0,1,0,0,0,0,0,0,0,0,0,0
GCA_901214715.1,1,1,1,1,1,0,0,0,0,0,0,0,0,0,0,0,0,0,0
GCA_901215595.1,1,1,1,1,1,0,0,0,0,0,0,0,0,0,0,0,0,0,0
GCA_901215815.1,1,1,1,0,1,0,0,0,1,0,0,0,0,0,0,0,0,0,0
GCA_901215915.1,1,1,1,0,1,0,0,0,1,0,0,0,0,0,0,0,0,0,0
GCA_901216605.1,1,1,1,1,1,0,0,0,0,0,0,0,0,0,0,0,0,0,0
GCA_901218125.1,1,1,1,1,1,0,0,0,0,0,0,0,0,0,0,0,0,0,0
GCA_901218995.1,1,1,1,1,1,0,0,0,0,0,0,0,0,0,0,0,0,0,0
GCA_901224185.1,1,1,1,0,1,0,1,0,1,0,0,0,0,0,0,0,1,0,0
GCA_901224305.1,1,1,1,0,1,1,1,0,1,0,0,0,0,0,0,0,0,0,0
GCA_901224355.1,1,1,1,0,1,1,1,0,1,0,0,0,0,0,0,0,0,0,0
GCA_901224845.1,1,1,1,1,1,0,0,0,0,0,0,0,0,0,0,0,0,0,0
GCA_901225185.1,1,1,1,0,1,0,0,0,1,0,0,0,0,0,0,0,0,0,0
GCA_901225205.1,1,1,1,1,1,0,0,0,0,0,0,0,0,0,0,0,0,0,0
GCA_901225585.1,1,1,1,1,1,1,1,1,0,0,1,0,1,0,0,0,0,0,0
GCA_901225885.1,1,1,1,1,1,0,0,0,0,0,0,0,0,0,0,0,0,0,0
GCA_901226095.1,1,1,1,0,1,0,0,0,1,0,0,0,0,0,0,0,0,0,0
GCA_901226145.1,1,1,1,1,1,0,0,0,0,0,0,0,0,0,0,0,0,0,0
GCA_901226755.1,1,1,1,1,1,0,0,0,0,0,0,0,0,0,0,1,0,0,0
GCA_901227335.1,1,1,1,1,1,0,0,0,0,0,1,0,1,0,0,0,0,0,0
GCA_901227765.1,1,1,1,1,0,0,0,0,0,0,0,0,0,0,0,0,0,0,0
GCA_901227805.1,1,1,1,1,1,0,0,0,0,0,0,0,0,0,0,0,0,0,0
GCA_901227815.1,1,1,1,0,1,0,0,0,1,1,0,0,0,0,0,0,0,0,0
GCA_901227935.1,1,1,1,1,1,0,0,0,0,0,0,0,0,0,0,0,0,0,0
GCA_901228565.1,1,1,1,1,1,1,0,0,0,0,0,0,0,0,0,0,0,0,0
GCA_901228675.1,1,1,1,1,1,1,1,1,0,0,1,0,1,0,0,0,0,0,0
GCA_901229795.1,1,1,1,0,1,1,0,0,1,0,0,0,0,0,0,0,0,0,0
GCA_901230075.1,1,1,1,1,1,1,0,0,0,0,0,0,1,0,0,0,0,0,0
GCA_901230175.1,1,1,1,1,1,1,0,0,0,0,0,0,0,0,0,0,0,0,0
GCA_901230225.1,1,1,1,1,1,0,0,0,0,0,0,0,0,0,0,0,0,0,0
GCA_901231145.1,1,1,1,1,1,0,0,0,0,0,0,0,0,0,0,0,0,0,0
GCA_901231925.1,1,1,1,1,1,0,0,0,0,0,0,0,0,0,0,0,0,0,0
GCA_901232475.1,1,1,1,0,1,0,0,0,1,0,0,0,1,0,0,1,0,0,0
GCA_901232725.1,1,1,1,1,1,0,0,0,0,0,0,0,0,0,0,0,0,0,0
GCA_901233985.1,1,0,1,0,1,0,0,0,1,0,0,0,0,0,0,0,0,0,0
GCA_901234025.1,1,1,1,1,1,0,0,0,0,0,0,0,1,0,0,0,0,0,0
GCA_901234355.1,1,1,1,1,1,0,0,0,0,0,0,0,0,0,0,0,0,0,0
GCA_901235165.1,1,0,1,1,0,0,0,0,0,0,0,0,0,0,0,0,0,0,0
GCA_901235335.1,1,1,1,1,1,0,0,0,0,0,0,0,0,0,0,0,0,0,0
GCA_901235415.1,1,1,1,1,1,0,0,0,0,0,0,0,0,0,0,0,0,0,0
GCA_901235755.1,1,1,1,1,1,0,0,0,0,0,0,0,0,0,0,0,0,0,0
GCA_901235945.1,1,1,1,1,1,0,0,0,0,0,1,0,0,0,0,0,0,0,0
GCA_901236435.1,1,1,1,1,1,0,0,0,0,0,0,0,0,0,0,0,0,0,0
GCA_901236915.1,1,1,1,1,1,0,0,0,0,0,0,0,0,0,0,0,0,0,0
GCA_901237405.1,1,1,1,1,1,0,0,0,0,0,0,0,0,0,0,0,0,0,0
GCA_901237515.1,1,1,1,1,1,0,0,0,0,0,0,0,0,0,0,0,0,0,0
GCA_901237585.1,1,1,1,1,1,0,0,0,0,0,0,1,0,0,0,0,0,0,0
GCA_901237755.1,1,1,1,1,1,0,0,0,0,0,0,0,0,0,0,0,0,0,0
GCA_901238365.1,1,1,1,0,1,0,0,0,1,0,1,0,0,0,0,1,0,1,0
GCA_901238505.1,1,1,1,1,1,0,0,0,0,0,0,0,0,0,0,0,0,0,0
GCA_901238635.1,1,1,1,0,1,0,0,0,1,0,0,0,0,0,0,0,0,0,0
GCA_901239145.1,1,1,1,0,1,0,0,0,1,0,0,0,0,0,0,0,0,0,0
GCA_901239795.1,1,1,1,0,1,1,0,0,1,0,0,0,1,0,0,0,0,0,0
GCA_901240615.1,1,1,1,1,1,0,0,0,0,0,0,0,0,0,0,0,0,0,0
GCA_901240825.1,1,1,1,1,1,0,0,0,0,0,0,0,0,0,0,0,0,0,0
GCA_901241365.1,1,1,1,0,1,1,1,0,1,0,0,0,0,0,0,0,0,0,0
GCA_901241395.1,1,1,1,1,1,0,0,0,0,0,0,0,0,0,0,0,0,0,0
GCA_901241845.1,1,1,1,1,1,1,1,1,0,0,1,0,1,0,0,0,0,0,0
GCA_901242105.1,1,1,1,1,1,0,0,0,0,0,1,0,1,0,0,0,0,0,0
GCA_901242555.1,1,1,1,0,1,0,0,0,1,0,1,0,1,0,0,0,0,0,0
GCA_901243605.1,1,1,1,0,1,1,0,1,1,0,0,0,0,0,0,0,0,0,0
GCA_901243705.1,1,1,1,0,1,0,0,0,1,0,0,0,0,0,0,0,0,0,0
GCA_901244275.1,1,1,1,1,1,0,0,0,0,0,1,0,0,0,0,0,0,0,0
GCA_901244355.1,1,1,1,1,1,0,0,0,0,0,0,0,0,0,0,0,0,0,0
GCA_901244385.1,1,1,1,0,1,1,1,0,1,0,0,0,0,0,0,0,0,0,0
GCA_901244965.1,1,1,1,1,1,0,0,0,0,0,0,0,0,0,0,0,0,0,0
GCA_901245345.1,1,1,1,0,1,0,1,0,1,0,0,0,0,0,0,0,1,0,0
GCA_901246025.1,1,1,1,1,1,1,1,1,0,0,1,0,1,0,0,0,0,0,0
GCA_901246185.1,1,1,1,1,1,0,0,0,0,0,0,0,0,0,0,0,0,0,0
GCA_901246195.1,1,1,1,0,1,0,0,0,1,0,0,0,0,0,0,0,0,0,0
GCA_901246725.1,1,1,1,0,1,0,0,0,1,0,1,0,0,0,0,0,0,0,0
GCA_901247115.1,1,1,1,0,1,0,0,0,1,0,1,0,1,0,0,0,0,0,0
GCA_901247385.1,1,1,1,1,1,0,0,0,0,0,0,0,0,0,0,0,0,0,0
GCA_901247715.1,1,1,1,0,1,0,0,0,1,0,1,0,0,0,0,1,0,1,0
GCA_901248945.1,1,1,1,1,1,0,0,0,0,0,0,0,1,0,0,0,0,0,0
GCA_901248975.1,1,1,1,1,1,0,0,0,0,0,0,0,0,0,0,0,0,0,0
GCA_901249995.1,1,1,1,1,1,0,0,0,0,0,1,0,1,0,0,0,0,0,0
GCA_901250075.1,1,1,1,1,1,1,0,1,0,0,0,0,0,0,0,0,0,0,0
GCA_901250705.1,1,1,1,0,1,0,0,0,1,0,0,0,0,0,0,0,0,0,0
GCA_901250735.1,1,1,1,1,1,1,0,0,0,0,0,0,1,0,0,0,0,0,0
GCA_901251025.1,1,1,1,0,1,0,0,0,1,0,0,0,1,0,0,0,0,0,0
GCA_901251085.1,1,1,1,1,1,1,0,0,0,0,0,0,0,0,0,0,0,0,0
GCA_901251955.1,1,1,1,1,0,0,0,0,0,0,0,0,0,0,0,0,0,0,0
GCA_901252075.1,1,1,1,1,1,0,0,0,0,0,0,0,0,0,0,0,0,0,0
GCA_901252455.1,1,1,1,1,1,0,0,0,0,0,0,0,0,0,0,0,0,0,0
GCA_901252545.1,1,1,1,1,1,0,0,0,0,0,1,0,0,0,0,1,0,0,0
GCA_901252625.1,1,1,1,1,1,0,0,0,0,0,1,0,1,0,0,0,0,0,0
GCA_901253235.1,1,1,1,1,1,1,1,1,0,0,1,0,1,0,0,0,0,0,0
GCA_901253525.1,1,1,1,1,1,0,0,0,0,0,0,0,0,0,0,0,0,0,0
GCA_901253535.1,1,1,1,1,1,0,0,0,0,0,0,0,0,0,0,0,0,0,0
GCA_901253565.1,1,1,1,1,1,0,0,0,0,0,1,0,1,0,0,0,0,0,0
GCA_901253765.1,1,1,1,1,1,0,0,0,0,1,0,0,0,0,0,0,0,0,0
GCA_901255265.1,1,1,1,0,1,0,0,0,1,0,0,0,0,0,0,0,0,0,0
GCA_901255385.1,1,1,1,0,1,0,0,0,1,0,0,0,0,0,0,0,0,0,0
GCA_901256085.1,1,1,1,0,1,1,1,0,1,0,0,0,0,0,0,0,0,0,0
GCA_901256495.1,1,1,1,1,1,1,0,1,0,0,0,0,0,0,0,0,0,0,0
GCA_901257945.1,1,1,1,1,1,1,1,1,0,0,0,0,1,0,0,0,0,0,0
GCA_901258145.1,1,1,1,1,1,0,0,0,0,0,0,0,0,0,0,0,0,0,0
GCA_901258425.1,1,1,1,1,1,0,0,0,0,0,1,0,1,0,0,0,0,0,0
GCA_901258475.1,1,1,1,0,0,0,0,0,1,0,0,0,0,0,0,0,0,0,0
GCA_901258505.1,1,1,1,1,1,0,0,0,0,0,0,0,1,0,0,0,0,0,0
GCA_901259005.1,1,1,1,0,1,0,0,0,1,0,1,0,0,0,0,0,0,0,0
GCA_901259215.1,1,1,1,0,1,0,0,0,1,0,0,0,0,0,0,0,0,0,0
GCA_901260285.1,1,1,1,1,1,0,0,0,0,0,0,0,0,0,0,0,0,0,0
GCA_901260355.1,1,1,1,0,1,1,1,0,1,0,0,0,0,0,0,0,0,0,0
GCA_901260785.1,1,1,1,0,1,1,1,0,1,0,0,0,0,0,0,1,0,0,0
GCA_901261035.1,1,1,1,1,1,1,1,0,0,0,0,0,0,0,0,0,0,0,0
GCA_901262045.1,1,1,1,1,1,0,0,0,0,0,0,0,0,0,0,0,0,0,0
GCA_901262105.1,1,1,1,0,1,0,0,0,1,0,0,0,0,0,0,0,0,0,0
GCA_901262875.1,1,1,1,0,1,1,1,0,1,0,1,0,1,0,0,1,0,0,0
GCA_901263635.1,1,1,0,1,1,0,0,0,0,0,0,0,0,0,0,0,0,0,0
GCA_901263965.1,1,1,1,0,1,1,1,0,1,0,0,0,0,0,0,0,0,0,0
GCA_901264075.1,1,1,1,0,1,1,1,0,1,0,0,0,0,0,0,0,0,0,0
GCA_901264205.1,1,1,1,1,1,1,1,0,0,0,0,0,0,1,0,0,0,0,1
GCA_901264805.1,1,1,1,0,1,0,0,0,1,0,0,0,0,0,0,1,0,0,0
GCA_901264975.1,1,1,1,1,1,0,0,0,0,0,0,0,0,0,0,0,0,0,0
GCA_901265845.1,1,1,1,0,1,0,0,0,1,0,0,0,0,0,0,0,0,0,0
GCA_901266025.1,1,1,1,1,1,0,0,0,0,0,0,0,0,0,0,0,0,0,0
GCA_901266555.1,1,1,1,1,1,1,1,1,0,0,0,0,0,0,0,0,0,0,0
GCA_901268905.1,1,1,1,0,1,1,0,0,1,0,1,0,0,0,0,1,0,0,0
GCA_901270505.1,1,1,1,0,1,0,0,0,1,0,0,0,0,0,0,0,0,0,0
GCA_901270645.1,1,1,1,1,1,0,0,0,0,0,1,0,1,0,0,0,0,0,0
GCA_901272455.1,1,1,1,1,1,1,0,1,0,0,0,0,0,0,0,0,0,0,0
GCA_901272945.1,1,1,1,1,1,0,0,0,0,0,0,0,1,0,0,0,0,0,0
GCA_901273195.1,1,1,1,1,1,0,0,0,0,0,1,0,0,0,0,0,0,0,0
GCA_901273555.1,1,1,1,0,1,1,1,0,1,0,0,0,0,0,0,0,0,0,0
GCA_901275675.1,1,1,1,0,1,1,1,0,1,0,0,0,0,1,0,0,0,0,1
GCA_901275745.1,1,1,1,1,1,0,0,0,0,0,0,0,0,0,0,0,0,0,0
GCA_901276195.1,1,1,1,1,1,0,0,0,0,0,0,0,0,0,0,0,0,0,0
GCA_901276365.1,1,1,1,1,1,0,0,0,0,0,0,0,0,0,0,0,0,0,0
GCA_901277915.1,1,1,1,0,1,0,0,0,1,0,0,0,1,0,0,1,0,0,0
GCA_901278135.1,1,1,1,1,1,0,0,0,0,0,0,0,0,0,0,0,0,0,0
GCA_901280285.1,1,1,1,1,1,1,0,0,0,0,0,0,0,0,0,1,0,0,0
GCA_901280395.1,1,1,1,1,1,1,0,0,0,0,0,0,0,0,0,1,0,0,0
GCA_901280455.1,1,1,1,0,1,1,0,0,1,0,1,0,0,0,0,1,0,0,0
GCA_901280525.1,1,1,1,1,1,0,0,0,0,1,0,0,0,0,0,0,0,0,0
GCA_901280615.1,1,1,1,1,1,1,0,0,0,0,0,0,0,0,0,0,0,0,0
GCA_901280935.1,1,1,1,1,1,1,0,0,0,0,0,0,1,0,0,0,0,0,0
GCA_901280945.1,1,1,1,1,1,0,0,0,0,0,1,0,0,0,0,0,0,0,0
GCA_901282225.1,1,1,1,0,1,1,0,0,1,0,0,0,0,0,0,1,0,0,0
GCA_901282735.1,1,1,1,1,1,0,0,0,0,0,0,0,0,0,0,0,0,0,0
GCA_901283845.1,1,1,1,1,1,1,1,0,0,0,0,0,0,1,0,1,0,0,1
GCA_901284035.1,1,1,1,1,1,0,0,0,0,0,0,0,0,0,0,0,0,0,0
GCA_901284745.1,1,1,1,1,1,0,0,0,0,0,0,0,0,0,0,0,0,0,0
GCA_901286305.1,1,1,1,1,1,0,0,0,0,0,0,0,0,0,0,0,0,0,0
GCA_901286895.1,1,1,1,1,1,0,0,0,0,0,0,0,0,0,0,0,0,0,0
GCA_901287145.1,1,1,1,1,1,0,0,0,0,0,0,0,0,0,0,1,0,0,0
GCA_901287625.1,1,1,1,0,1,1,0,0,1,0,0,0,0,0,0,0,0,0,0
GCA_901287675.1,1,1,1,0,0,0,0,0,1,0,0,0,0,0,0,0,0,0,0
GCA_901287855.1,1,1,1,1,1,0,0,0,0,0,0,0,0,0,0,0,0,0,0
GCA_901290595.1,1,1,1,0,1,1,0,0,1,0,0,0,0,0,0,0,0,0,0
GCA_901291655.1,1,1,1,0,1,0,0,0,1,0,0,0,0,0,0,0,0,0,0
GCA_901292005.1,1,1,1,1,1,0,0,0,0,0,0,0,1,0,0,0,0,0,0
GCA_901292225.1,1,1,1,1,1,1,0,0,0,0,0,0,0,0,0,0,0,0,0
GCA_901292255.1,1,1,1,0,1,0,0,0,1,0,0,0,0,0,0,0,0,0,0
GCA_901292485.1,1,1,1,0,1,1,1,0,1,0,0,0,0,0,0,0,0,0,0
GCA_901293335.1,1,1,1,1,0,0,0,0,0,0,0,0,0,0,0,0,0,0,0
GCA_901294285.1,1,1,1,1,1,0,0,0,0,0,0,0,0,0,0,0,0,0,0
GCA_901294885.1,1,1,1,1,1,0,0,0,0,0,0,0,0,0,0,0,0,0,0
GCA_901295655.1,1,1,1,0,1,0,0,0,1,0,0,0,0,0,0,0,0,0,0
GCA_901296975.1,1,1,1,1,1,0,0,0,0,0,0,0,0,0,0,0,0,0,0
GCA_901297025.1,1,1,1,1,1,0,0,0,0,0,0,0,0,0,0,1,0,0,0
GCA_901298085.1,1,1,1,0,1,1,0,0,1,0,0,0,0,0,0,0,0,0,0
GCA_901299355.1,1,1,1,1,1,1,0,0,0,0,0,0,0,0,0,0,0,0,0
GCA_901299385.1,1,1,1,1,1,0,0,0,0,1,0,0,0,0,0,0,0,0,0
GCA_901300505.1,1,1,1,1,1,0,0,0,0,0,0,0,0,0,0,1,0,0,0
GCA_901303945.1,1,1,1,0,1,0,0,0,1,0,0,0,0,0,0,0,0,0,0
GCA_901304685.1,1,1,1,1,1,0,0,0,0,0,0,0,0,0,0,0,0,0,0
GCA_901305185.1,1,1,1,1,1,0,0,0,0,0,0,0,0,0,0,1,0,0,0
GCA_901305545.1,1,1,1,1,1,0,0,0,0,0,0,1,0,0,0,0,0,0,0
GCA_901307185.1,1,0,1,1,1,1,0,0,0,0,0,0,0,0,0,1,0,0,0
GCA_901307605.1,1,1,1,1,1,0,1,0,0,0,0,0,0,0,0,0,0,0,0
GCA_901308455.1,1,1,1,0,1,1,0,1,1,0,0,0,0,0,0,0,0,0,0
GCA_901308525.1,1,1,1,1,1,1,0,0,0,0,0,0,0,0,0,0,0,0,0
GCA_901308705.1,1,1,1,0,1,0,0,0,1,0,0,0,0,0,0,0,0,0,0
GCA_901308735.1,1,1,1,0,1,0,0,0,1,0,0,0,0,0,0,0,0,0,0
GCA_901309135.1,1,1,1,1,1,0,0,0,0,0,0,0,0,0,0,0,0,0,0
GCA_901311765.1,1,1,1,1,1,1,0,0,0,0,0,0,0,0,0,0,0,0,0
GCA_901312365.1,1,1,1,1,1,0,0,0,0,0,0,0,0,0,0,0,0,0,0
GCA_901313555.1,1,1,1,0,1,1,1,0,1,0,0,0,0,0,0,0,0,0,0
GCA_901314645.1,1,1,1,1,1,0,0,0,0,0,0,0,0,0,0,0,0,0,0
GCA_901315275.1,1,1,1,1,1,1,1,0,0,0,0,0,0,0,0,0,0,0,0
GCA_901315625.1,1,1,1,0,1,0,0,0,1,0,0,0,0,0,0,0,0,0,0
GCA_901315795.1,1,1,1,1,1,0,0,0,0,0,0,0,1,0,0,0,0,0,0
GCA_901317715.1,1,1,1,1,1,0,0,0,0,0,0,0,0,0,1,0,0,0,0
GCA_901318785.1,1,1,1,1,1,0,0,0,0,0,0,0,0,0,0,0,0,0,0
GCA_901318835.1,1,1,1,1,1,0,0,0,0,0,0,0,0,0,0,0,0,0,0
GCA_901319625.1,1,1,1,1,1,0,0,0,0,0,0,0,0,0,0,0,0,0,0
GCA_901320575.1,1,1,1,1,1,1,1,0,0,0,1,0,1,0,0,0,0,0,0
GCA_901321005.1,1,1,1,1,1,0,0,0,0,0,0,0,0,0,0,0,0,0,0
GCA_901321965.1,1,1,1,0,1,1,0,1,1,0,0,0,0,0,0,0,0,0,0
GCA_901322415.1,1,1,1,0,1,1,1,0,1,0,0,0,0,0,0,0,0,0,0
GCA_901327575.1,1,1,1,1,1,1,0,0,0,0,0,0,0,0,0,1,0,0,0
GCA_901329575.1,1,1,1,1,1,1,0,0,0,0,0,0,0,0,0,0,0,0,0
GCA_901329635.1,1,1,1,1,1,0,0,0,0,0,0,0,0,0,0,0,0,0,0
GCA_901330115.1,1,1,1,0,1,0,0,0,1,0,1,0,0,0,0,1,0,0,0
GCA_901330165.1,1,1,1,1,1,1,0,0,0,0,0,0,0,0,0,0,0,0,0
GCA_901330235.1,1,1,1,1,1,0,0,0,0,0,0,0,0,0,0,0,0,0,0
GCA_901330565.1,1,1,1,1,1,0,0,0,0,0,0,0,0,0,0,1,0,0,0
GCA_901331085.1,1,1,1,1,1,1,0,0,0,0,0,0,0,0,0,1,0,0,0
GCA_901331645.1,1,1,1,1,1,0,0,0,0,0,0,0,0,0,0,0,0,0,0
GCA_901331845.1,1,1,1,1,1,0,0,0,0,0,0,0,0,0,0,0,0,0,0
GCA_901332765.1,1,1,1,1,1,0,0,0,0,0,0,0,0,0,0,1,0,0,0
GCA_901333445.1,1,1,1,0,1,0,0,0,1,0,1,0,0,0,0,1,0,0,0
GCA_901335065.1,1,1,1,0,1,1,0,1,1,0,0,0,0,0,0,0,0,0,0
GCA_901335555.1,1,1,1,0,1,0,0,0,1,0,0,0,0,0,0,0,0,0,0
GCA_901336885.1,1,1,1,1,1,0,0,0,0,0,0,0,0,0,0,0,0,0,0
GCA_901337265.1,1,1,1,1,1,0,0,0,0,0,0,0,0,0,0,0,0,0,0
GCA_901337495.1,1,1,1,1,1,1,0,0,0,0,0,0,1,0,0,0,0,0,0
GCA_901337675.1,1,1,1,0,1,1,0,1,1,0,0,0,0,0,0,0,0,0,0
GCA_901337985.1,1,1,1,1,1,1,0,1,0,0,0,0,0,0,0,0,0,0,0
GCA_901339215.1,1,1,1,0,1,0,0,0,1,0,1,0,0,0,0,1,0,1,0
GCA_901339505.1,1,1,1,0,1,0,1,0,1,0,0,0,0,0,0,0,1,0,0
GCA_901339805.1,1,1,1,1,1,1,0,1,0,0,0,0,0,0,0,0,0,0,0
GCA_901341445.1,1,1,1,0,1,0,0,0,1,0,0,0,0,0,0,0,0,0,0
